{
    "apis": [
        {
            "path": "/amenities/",
            "operations": [
                {
                    "summary": "For amenities List",
                    "produces": [
                        "application/json"
                    ],
                    "parameters": [
                        {
                            "name": "created_at",
                            "paramType": "path",
                            "type": "integer",
                            "description": "Created At",
                            "required": false
                        },
                        {
                            "name": "updated_at",
                            "paramType": "path",
                            "type": "integer",
                            "description": "Updated At",
                            "required": false
                        },
                        {
                            "name": "name",
                            "paramType": "path",
                            "type": "integer",
                            "description": "Name",
                            "required": false
                        }
                    ],
                    "responseMessages": [
                        {
                            "code": "200",
                            "message": "OK : Eyerything is working"
                        },
                        {
                            "code": "201",
                            "message": "OK : New resource has been created"
                        },
                        {
                            "code": "204",
                            "message": "OK : The resource was successfully deleted"
                        },
                        {
                            "code": "304",
                            "message": "Not Modified : The client can use cached data"
                        },
                        {
                            "code": "400",
                            "message": "Bad Request : The request was invalid or cannot be served. The exact error should be explained in the error payload. E.g. The JSON is not valid"
                        },
                        {
                            "code": "401",
                            "message": "Unauthorized : The request requires an user authentication"
                        },
                        {
                            "code": "403",
                            "message": "Forbidden : The server understood the request, but is refusing it or the access is not allowed."
                        },
                        {
                            "code": "404",
                            "message": "Not found : There is no resource behind the URI."
                        },
                        {
                            "code": "422",
                            "message": "Unprocessable Entity : Should be used if the server cannot process the enitity, e.g. if an image cannot be formatted or mandatory fields are missing in the payload."
                        },
                        {
                            "code": "500",
                            "message": "Internal Server Error : API developers should avoid this error. If an error occurs in the global catch blog, the stracktrace should be logged and not returned as response."
                        }
                    ],
                    "method": "GET",
                    "nickname": "get__amenities"
                }
            ]
        },
		{
            "path": "/amenity/add",
            "operations": [
                {
                    "summary": "For amenities Add",
                    "produces": [
                        "application/json"
                    ],
                    "parameters": [
                        {
                            "name": "created_at",
                            "paramType": "path",
                            "type": "integer",
                            "description": "Created At",
                            "required": false
                        },
                        {
                            "name": "updated_at",
                            "paramType": "path",
                            "type": "integer",
                            "description": "Updated At",
                            "required": false
                        },
                        {
                            "name": "name",
                            "paramType": "path",
                            "type": "integer",
                            "description": "Name",
                            "required": false
                        }
                    ],
                    "responseMessages": [
                        {
                            "code": "200",
                            "message": "OK : Eyerything is working"
                        },
                        {
                            "code": "201",
                            "message": "OK : New resource has been created"
                        },
                        {
                            "code": "204",
                            "message": "OK : The resource was successfully deleted"
                        },
                        {
                            "code": "304",
                            "message": "Not Modified : The client can use cached data"
                        },
                        {
                            "code": "400",
                            "message": "Bad Request : The request was invalid or cannot be served. The exact error should be explained in the error payload. E.g. The JSON is not valid"
                        },
                        {
                            "code": "401",
                            "message": "Unauthorized : The request requires an user authentication"
                        },
                        {
                            "code": "403",
                            "message": "Forbidden : The server understood the request, but is refusing it or the access is not allowed."
                        },
                        {
                            "code": "404",
                            "message": "Not found : There is no resource behind the URI."
                        },
                        {
                            "code": "422",
                            "message": "Unprocessable Entity : Should be used if the server cannot process the enitity, e.g. if an image cannot be formatted or mandatory fields are missing in the payload."
                        },
                        {
                            "code": "500",
                            "message": "Internal Server Error : API developers should avoid this error. If an error occurs in the global catch blog, the stracktrace should be logged and not returned as response."
                        }
                    ],
                    "method": "POST",
                    "nickname": "post__amenities__add"
                }
            ]
        },
        {
            "path": "/amenity/edit/{id}",
            "operations": [
                {
                    "summary": "For amenities Edit",
                    "produces": [
                        "application/json"
                    ],
                    "parameters": [
                        {
                            "name": "created_at",
                            "paramType": "path",
                            "type": "integer",
                            "description": "Created At",
                            "required": false
                        },
                        {
                            "name": "updated_at",
                            "paramType": "path",
                            "type": "integer",
                            "description": "Updated At",
                            "required": false
                        },
                        {
                            "name": "name",
                            "paramType": "path",
                            "type": "integer",
                            "description": "Name",
                            "required": false
                        }
                    ],
                    "responseMessages": [
                        {
                            "code": "200",
                            "message": "OK : Eyerything is working"
                        },
                        {
                            "code": "201",
                            "message": "OK : New resource has been created"
                        },
                        {
                            "code": "204",
                            "message": "OK : The resource was successfully deleted"
                        },
                        {
                            "code": "304",
                            "message": "Not Modified : The client can use cached data"
                        },
                        {
                            "code": "400",
                            "message": "Bad Request : The request was invalid or cannot be served. The exact error should be explained in the error payload. E.g. The JSON is not valid"
                        },
                        {
                            "code": "401",
                            "message": "Unauthorized : The request requires an user authentication"
                        },
                        {
                            "code": "403",
                            "message": "Forbidden : The server understood the request, but is refusing it or the access is not allowed."
                        },
                        {
                            "code": "404",
                            "message": "Not found : There is no resource behind the URI."
                        },
                        {
                            "code": "422",
                            "message": "Unprocessable Entity : Should be used if the server cannot process the enitity, e.g. if an image cannot be formatted or mandatory fields are missing in the payload."
                        },
                        {
                            "code": "500",
                            "message": "Internal Server Error : API developers should avoid this error. If an error occurs in the global catch blog, the stracktrace should be logged and not returned as response."
                        }
                    ],
                    "method": "PUT",
                    "nickname": "put__amenities__edit__id"
                }
            ]
        },
		{
            "path": "/amenity/view/{id}",
            "operations": [
                {
                    "summary": "For amenities View Page",
                    "produces": [
                        "application/json"
                    ],
                    "parameters": [
                        {
                            "name": "created_at",
                            "paramType": "path",
                            "type": "integer",
                            "description": "Created At",
                            "required": false
                        },
                        {
                            "name": "updated_at",
                            "paramType": "path",
                            "type": "integer",
                            "description": "Updated At",
                            "required": false
                        },
                        {
                            "name": "name",
                            "paramType": "path",
                            "type": "integer",
                            "description": "Name",
                            "required": false
                        }
                    ],
                    "responseMessages": [
                        {
                            "code": "200",
                            "message": "OK : Eyerything is working"
                        },
                        {
                            "code": "201",
                            "message": "OK : New resource has been created"
                        },
                        {
                            "code": "204",
                            "message": "OK : The resource was successfully deleted"
                        },
                        {
                            "code": "304",
                            "message": "Not Modified : The client can use cached data"
                        },
                        {
                            "code": "400",
                            "message": "Bad Request : The request was invalid or cannot be served. The exact error should be explained in the error payload. E.g. The JSON is not valid"
                        },
                        {
                            "code": "401",
                            "message": "Unauthorized : The request requires an user authentication"
                        },
                        {
                            "code": "403",
                            "message": "Forbidden : The server understood the request, but is refusing it or the access is not allowed."
                        },
                        {
                            "code": "404",
                            "message": "Not found : There is no resource behind the URI."
                        },
                        {
                            "code": "422",
                            "message": "Unprocessable Entity : Should be used if the server cannot process the enitity, e.g. if an image cannot be formatted or mandatory fields are missing in the payload."
                        },
                        {
                            "code": "500",
                            "message": "Internal Server Error : API developers should avoid this error. If an error occurs in the global catch blog, the stracktrace should be logged and not returned as response."
                        }
                    ],
                    "method": "GET",
                    "nickname": "get__amenities__view__id"
                }
            ]
        }
    ],
    "models": {},
    "swaggerVersion": "1.2",
    "apiVersion": "1",
    "basePath": "https://mydoc.lu/api"
}